{
  "idle_memory_gib": {
    "ok": true,
    "rows": 126,
    "target": "idle_memory_gib",
    "coefficients": {
      "intercept": 4.024763615747834,
      "context_k": 0.00043618705241536707,
      "max_num_seqs": -0.007574112183837851,
      "context_k_x_seqs": 8.311992213532413e-05,
      "match_context_policy": 0.3112742818214817
    },
    "r2": 0.20418594973025095,
    "mae": 0.27040086463044216,
    "rmse": 0.34524196501851573
  },
  "idle_memory_peak_gib": {
    "ok": true,
    "rows": 126,
    "target": "idle_memory_peak_gib",
    "coefficients": {
      "intercept": 10.938699164243765,
      "context_k": 0.00044166260610467925,
      "max_num_seqs": -0.006557488875582919,
      "context_k_x_seqs": 5.966978433264225e-05,
      "match_context_policy": 0.3864915836063311
    },
    "r2": 0.25629397458489267,
    "mae": 0.2606640477558535,
    "rmse": 0.33380804231721684
  },
  "system_memory_drop_gib": {
    "ok": true,
    "rows": 140,
    "target": "system_memory_drop_gib",
    "coefficients": {
      "intercept": 86.94358202204518,
      "context_k": -0.06217470331435858,
      "max_num_seqs": -0.019299475146652402,
      "context_k_x_seqs": 0.0004685836724560468,
      "match_context_policy": -12.465928571428595
    },
    "r2": 0.5693170017954251,
    "mae": 5.154186284756742,
    "rmse": 6.688106496881413
  },
  "tegrastats_ram_delta_gib": {
    "ok": true,
    "rows": 140,
    "target": "tegrastats_ram_delta_gib",
    "coefficients": {
      "intercept": 86.43691802475679,
      "context_k": -0.057003883062952065,
      "max_num_seqs": -0.010517811462698284,
      "context_k_x_seqs": 0.0002787382662215547,
      "match_context_policy": -12.324328571428616
    },
    "r2": 0.6342965909165073,
    "mae": 4.723248266379885,
    "rmse": 5.689964837919595
  },
  "tegrastats_max_temp_c": {
    "ok": true,
    "rows": 140,
    "target": "tegrastats_max_temp_c",
    "coefficients": {
      "intercept": 68.19517669817515,
      "context_k": 0.004688974896260306,
      "max_num_seqs": -0.0005538163519067246,
      "context_k_x_seqs": 0.0004525786755889716,
      "match_context_policy": 0.8900000000000415
    },
    "r2": 0.11124564800864212,
    "mae": 2.5794638729797463,
    "rmse": 3.1268762135331274
  },
  "load_memory_peak_gib": {
    "ok": true,
    "rows": 52,
    "target": "load_memory_peak_gib",
    "coefficients": {
      "intercept": 11.141556247177162,
      "context_k": 0.0007153630418740261,
      "max_num_seqs": -0.014365311876821402,
      "context_k_x_seqs": -0.00039208984637142177
    },
    "r2": 0.10341629761252258,
    "mae": 0.22491805724214245,
    "rmse": 0.31512379631459836
  },
  "reported_concurrency": {
    "ok": true,
    "rows": 126,
    "target": "reported_concurrency",
    "coefficients": {
      "intercept": 81.60641792144845,
      "context_k": -0.379934540752361,
      "max_num_seqs": -0.00024461544502666065,
      "context_k_x_seqs": -1.1579711877227065e-05,
      "match_context_policy": -27.043013622083706
    },
    "r2": 0.443429620533605,
    "mae": 22.433473164282397,
    "rmse": 29.28623147193118
  },
  "reported_concurrency_log": {
    "ok": true,
    "rows": 126,
    "target": "reported_concurrency",
    "transform": "log_response",
    "coefficients": {
      "intercept": 11.634857059471145,
      "log_context": -0.7366828784729191,
      "max_num_seqs": -1.2272279557759558e-05,
      "match_context_policy": -1.4329347601735212
    },
    "r2": 0.01824071934630489,
    "mae": 22.42163537959173,
    "rmse": 38.896090638786184
  },
  "reported_concurrency_empirical": {
    "ok": true,
    "rows": 126,
    "target": "reported_concurrency",
    "transform": "piecewise_loglog_by_policy",
    "points": {
      "match_context": [
        [
          4096.0,
          137.11
        ],
        [
          8192.0,
          67.43
        ],
        [
          16384.0,
          32.57
        ],
        [
          32768.0,
          15.15
        ],
        [
          65536.0,
          6.33
        ],
        [
          98304.0,
          3.37
        ],
        [
          100000.0,
          3.28
        ],
        [
          131072.0,
          1.95
        ]
      ],
      "small": [
        [
          4096.0,
          137.11
        ],
        [
          8192.0,
          67.47
        ],
        [
          16384.0,
          55.95
        ],
        [
          32768.0,
          48.71
        ],
        [
          65536.0,
          38.49
        ],
        [
          98304.0,
          31.92
        ],
        [
          100000.0,
          31.55
        ],
        [
          131072.0,
          27.21
        ],
        [
          196608.0,
          21.06
        ],
        [
          262144.0,
          17.17
        ]
      ]
    },
    "r2": 0.9999590364836763,
    "mae": 0.1001587301587309,
    "rmse": 0.251247680238837
  },
  "completion_tok_s": {
    "ok": true,
    "rows": 52,
    "target": "completion_tok_s",
    "coefficients": {
      "intercept": 15.877440790728713,
      "context_k": -0.1319671920724721,
      "max_num_seqs": 15.605856061255452
    },
    "r2": 0.9174876128029302,
    "mae": 14.86417903901968,
    "rmse": 23.239251347951882
  },
  "latency_p95": {
    "ok": true,
    "rows": 52,
    "target": "latency_p95",
    "coefficients": {
      "intercept": 2.946136888345538,
      "context_k": 0.006592137400966947,
      "max_num_seqs": 0.06220661420475238
    },
    "r2": 0.31180866303541444,
    "mae": 0.3855253877408231,
    "rmse": 0.4729196234911705
  }
}
